Turning,FE.28-1989,Monitor 1
Turning,536-1891,Monitor 1
Turning,485A-1895,Monitor 1
Turning,LOAN:STFAGANS.1-2012,Monitor 1
Turning,W.14-1985,Monitor 1
Turning,CIRC.637-1927,Monitor 1
Turning,W.36-1914,Monitor 1
Upholstery,W.1-1912,Monitor 2
Upholstery,1503-1903,Monitor 2
Upholstery,W.14-2009,Monitor 2
Upholstery,W.15-2009,Monitor 2
Upholstery,NCOL.552-2012,Monitor 2
Upholstery,W.9-2002,Monitor 2
Upholstery,LOAN:HAMHOUSE.4-2008,Monitor 2
Upholstery,T.426-1988,Monitor 2
Upholstery,LOAN:HAMHOUSE.4-2008,Monitor 3
Upholstery,T.426-1988,Monitor 3
Upholstery,W.32-1959,Monitor 3
Upholstery,LOAN:BUCKSCC.2,Monitor 3
Upholstery,1086-1882,Monitor 3
Upholstery,T.120P-1956,Monitor 3
Upholstery,T.119-1959,Monitor 3
Upholstery,W.93-1921,Monitor 4
Upholstery,CIRC.202-1969,Monitor 4
Upholstery,W.60-1979,Monitor 4
Upholstery,W.13-1934,Monitor 4
Upholstery,W.13B-1934,Monitor 4
Upholstery,W.35-2011,Monitor 4
Upholstery,W.35-1987,Monitor 5
Upholstery,W.24-1993,Monitor 5
Upholstery,W.57-1952,Monitor 5
Upholstery,W.453-1922,Monitor 5
Upholstery,CIRC.325-1970,Monitor 5
Upholstery,W.49-1981,Monitor 5
Upholstery,W.6-1993,Monitor 5
Kirkness portal,W.1-2012,Monitor 6
Kirkness portal,FURN NEW ACQ.17,Monitor 6
Kirkness portal,CIRC.120-1971,Monitor 6
Gilding and silvering,W.25-2002,Monitor 7
Gilding and silvering,W.27-1954,Monitor 7
Gilding and silvering,W.33-1948,Monitor 7
Gilding and silvering,155-1869,Monitor 8
Gilding and silvering,W.18-1909,Monitor 8
Gilding and silvering,7414-1860,Monitor 8
Gilding and silvering,58-1867,Monitor 8
Cladding and mounting,W.64-1977,Monitor 9
Cladding and mounting,176-1885,Monitor 9
Cladding and mounting,IS.10C-1983,Monitor 9
Cladding and mounting,W.46-1983,Monitor 9
Cladding and mounting,W.10-1951,Monitor 10
Cladding and mounting,W.35-1976,Monitor 10
Cladding and mounting,1058-1882,Monitor 10
Cladding and mounting,238-1872,Monitor 10
Cladding and mounting,CIRC.507-1967,Monitor 10
Eileen Gray portal,CIRC.587-1971,Monitor 11
Lacquer,W.40-1977,Monitor 12
Lacquer,W.350-1916,Monitor 12
Lacquer,1105-1882,Monitor 12
Lacquer,W.39-1950,Monitor 12
Japanning,W.16-1962,Monitor 13
Japanning,W.8-1972,Monitor 13
Japanning,W.20-1914,Monitor 13
Japanning,W.9-1936,Monitor 13
Japanning,W.1-2011,Monitor 13
George Brookshaw portal,349-1871,Monitor 14
Painted and Graphic Decoration,W.29-1919,Monitor 15
Painted and Graphic Decoration,CIRC.273A-1975,Monitor 15
Painted and Graphic Decoration,W.27A-1951,Monitor 15
Painted and Graphic Decoration,W.7-1914,Monitor 15
Painted and Graphic Decoration,2173-1855,Monitor 15
Painted and Graphic Decoration,W.1-1971,Monitor 15
Painted and Graphic Decoration,2173-1855,Monitor 16
Painted and Graphic Decoration,W.1-1971,Monitor 16
Painted and Graphic Decoration,W.55-1938,Monitor 16
Painted and Graphic Decoration,1598-1871,Monitor 16
Painted and Graphic Decoration,CIRC.214-1970,Monitor 16
Painted and Graphic Decoration,1598-1871,Monitor 17
Painted and Graphic Decoration,CIRC.214-1970,Monitor 17
Painted and Graphic Decoration,W.3-1951,Monitor 17
Painted and Graphic Decoration,898-1877,Monitor 17
Painted and Graphic Decoration,IS.25-1970,Monitor 17
Stone Decoration,W.24-2003,Monitor 18
Stone Decoration,56-1881,Monitor 18
Stone Decoration,809-1869,Monitor 18
Stone Decoration,LOAN:GILBERT.105-2008,Monitor 18
Roentgen portal,W.2-1996,Monitor 19
Roentgen portal,1060-1882,Monitor 19
"Veneering, marquetry and inlay",W.3-1943,Monitor 20
"Veneering, marquetry and inlay",1019-1882,Monitor 20
"Veneering, marquetry and inlay",W.37-1953,Monitor 20
"Veneering, marquetry and inlay",W.6-2011,Monitor 20
"Veneering, marquetry and inlay",41-1869,Monitor 20
"Veneering, marquetry and inlay",IS.39-1989,Monitor 20
"Veneering, marquetry and inlay",CIRC.79B-1975,Monitor 20
"Veneering, marquetry and inlay",1999-1900,Monitor 21
"Veneering, marquetry and inlay",W.10-1957,Monitor 21
"Veneering, marquetry and inlay",1118-1882,Monitor 21
"Veneering, marquetry and inlay",861-1907,Monitor 21
"Veneering, marquetry and inlay",1118-1882,Monitor 22
"Veneering, marquetry and inlay",861-1907,Monitor 22
"Veneering, marquetry and inlay",W.11-1965,Monitor 22
"Veneering, marquetry and inlay",270-1895,Monitor 22
"Veneering, marquetry and inlay",01159 (IS),Monitor 22
"Veneering, marquetry and inlay",01997(IS),Monitor 22
"Veneering, marquetry and inlay",CIRC.1155-1924,Monitor 22
"Veneering, marquetry and inlay",936-1904,Monitor 22
"Veneering, marquetry and inlay",778-1885,Monitor 22
"Veneering, marquetry and inlay",128-1892,Monitor 22
Chippendale portal,W.24-1917,Monitor 23
Chippendale portal,W.67-1940,Monitor 23
Carving,7694-1861,Monitor 24
Carving,926-1900,Monitor 24
Carving,7881-1861,Monitor 24
Carving,679-1864,Monitor 24
Carving,W.46-1926,Monitor 24
Carving,798-1895,Monitor 24
Carving,W.7-1967,Monitor 24
Carving,W.5A-1910,Monitor 24
Carving,2387-1855,Monitor 24
Carving,2387-1855,Monitor 25
Carving,W.41-1934,Monitor 25
Carving,W.10-1971,Monitor 25
Carving,W.20-1978,Monitor 25
Carving,W.20-1978,Monitor 26
Carving,512-1907,Monitor 26
Carving,W.51-1914,Monitor 26
Carving,W.54-1921,Monitor 26
Carving,W.112-1924,Monitor 26
Carving,7204-1860,Monitor 26
Carving,IS.57-1983,Monitor 26
Joinery and cabinet-making,FE.66-1983,Monitor 27
Joinery and cabinet-making,W.5-1938,Monitor 27
Joinery and cabinet-making,693-1895,Monitor 27
Joinery and cabinet-making,LOAN:BM.1065-2012,Monitor 27
Joinery and cabinet-making,W.20-1975,Monitor 27
Joinery and cabinet-making,W.46A-1946,Monitor 27
Joinery and cabinet-making,W.16-1975,Monitor 28
Joinery and cabinet-making,NCOL.551-2012,Monitor 28
Joinery and cabinet-making,W.3-1940,Monitor 28
Joinery and cabinet-making,W.3-1940,Monitor 29
Joinery and cabinet-making,W.80-1962,Monitor 29
Joinery and cabinet-making,W.21-1958,Monitor 29
Frank Lloyd Wright portal,W.43-1981,Monitor 30
Frank Lloyd Wright portal,W.44-1981,Monitor 30
Frank Lloyd Wright portal,W.4-1992,Monitor 30
Cutting Sheet,LOAN:LADYLEVER.1-2012,Monitor 31
Cutting Sheet,W.4-1996,Monitor 31
Cutting Sheet,W.28-1982,Monitor 31
Cutting Sheet,CIRC.17-1970,Monitor 31
Cutting Sheet,W.22-2003,Monitor 31
Cutting Sheet,CIRC.17-1970,Monitor 32
Cutting Sheet,W.22-2003,Monitor 32
Cutting Sheet,W.19-1979,Monitor 32
Cutting Sheet,W.3-1994,Monitor 32
Cutting Sheet,W.17-1997,Monitor 32
Thonet portal,W.31-2011,Monitor 33
Thonet portal,W.10-2012,Monitor 33
Thonet portal,W.30-2012,Monitor 33
Moulding solids,W.7-1918,Monitor 34
Moulding solids,W.39-1981,Monitor 34
Moulding solids,W.26-1978,Monitor 34
Moulding solids,W.10-1982,Monitor 34
Moulding solids,W.49-1984,Monitor 34
Moulding solids,W.10-1982,Monitor 35
Moulding solids,W.49-1984,Monitor 35
Moulding solids,CIRC.64-1970,Monitor 35
Moulding solids,W.7-1989,Monitor 35
Moulding solids,W.25-1926,Monitor 35
Moulding solids,W.3B-1929,Monitor 35
Moulding solids,W.10-1986,Monitor 36
Moulding solids,W.3-2010,Monitor 36
Moulding solids,CIRC.74-1969,Monitor 36
Moulding solids,488-1899,Monitor 36
Moulding solids,W.22-2005,Monitor 36
Moulding solids,W.23:1-3-2005,Monitor 36
Moulding solids,W.15-2007,Monitor 36
Chronology 1,W.5-1991,Monitor 37
Chronology 1,"CIRC.435-1970",Monitor 37
Chronology 1,W.6-1997,Monitor 37
Chronology 1,W.5-1991,Monitor 38
Chronology 1,W.27-1987,Monitor 38
Chronology 1,W.7-1985,Monitor 38
Chronology 1,W.1-1995,Monitor 39
Chronology 1,W.2-1996,Monitor 39
Chronology 1,W.7-1985,Monitor 39
Chronology 1,FURN NEW ACQ.5,Monitor 40
Chronology 1,W.6-1997,Monitor 40
Chronology 1,W.2-1996,Monitor 40
Chronology 1,W.1-1995,Monitor 40
Chronology 2,W.2-2005,Monitor 41
Chronology 2,W.10-1968,Monitor 41
Chronology 2,CIRC.847-1956,Monitor 41
Chronology 2,LOAN:COOPER.5,Monitor 41
Chronology 2,LOAN:COOPER.5,Monitor 42
Chronology 2,W.2-2005,Monitor 42
Chronology 2,W.10-1968,Monitor 42
Chronology 2,CIRC.847-1956,Monitor 42
Chronology 3,W.13-1939,Monitor 43
Chronology 3,W.39-1967,Monitor 43
Chronology 3,W.22-1983,Monitor 43
Chronology 3,W.20-1961,Monitor 43
Chronology 3,W.20-1961,Monitor 44
Chronology 3,W.13-1939,Monitor 44
Chronology 3,W.39-1967,Monitor 44
Chronology 3,W.22-1983,Monitor 44
Chronology 4,W.32-1912,Monitor 45
Chronology 4,W.32-1977,Monitor 45
Chronology 4,1387-1888,Monitor 45
Chronology 4,W.32-1912,Monitor 46
Chronology 4,W.32-1977,Monitor 46
Chronology 4,1387-1888,Monitor 46
Chronology 4,1387-1888,Monitor 47
Chronology 4,W.32-1977,Monitor 47
Chronology 4,W.32-1912,Monitor 47
Chronology 5,FE.33-1983,Monitor 48
Chronology 5,W.20-1959,Monitor 48
Chronology 5,W.12-1968,Monitor 48
Chronology 5,4256-1856,Monitor 48
Chronology 5,FE.33-1983,Monitor 49
Chronology 5,W.20-1959,Monitor 49
Chronology 5,W.12-1968,Monitor 49
Chronology 5,4256-1856,Monitor 49
Chronology 5,4256-1856,Monitor 50
Chronology 5,W.12-1968,Monitor 50
Chronology 5,W.20-1959,Monitor 50
Chronology 5,FE.33-1983,Monitor 50
Chronology 6,LOAN:CO OF JOINERS.1,Monitor 51
Chronology 6,143-1898,Monitor 51
Chronology 6,900-1904,Monitor 51
Chronology 6,236-1869,Monitor 51
Chronology 6,243-1864,Monitor 51
Chronology 6,LOAN:CO OF JOINERS.1,Monitor 52
Chronology 6,900-1904,Monitor 52
Chronology 6,143-1898,Monitor 52
Chronology 6,243-1864,Monitor 53
Chronology 6,236-1869,Monitor 53
Chronology 6,900-1904,Monitor 53
Chronology 6,243-1864,Monitor 54
Chronology 6,236-1869,Monitor 54
Chronology 6,143-1898,Monitor 54
Chronology 6,900-1904,Monitor 54
Digital production,"W.32-2011",Monitor 55
Digital production,W.29-2011,Monitor 55
Digital production,W.18-2011,Monitor 55
